id;nome_corretor;usuario;data_nascimento;foto;foto_content_type;telefone
1;Calças digital;technologies Macio;2021-05-10;../fake-data/blob/hipster.png;image/png;Macio Customer
2;vermelho back-end;Camiseta capacity Mesa;2021-05-10;../fake-data/blob/hipster.png;image/png;Salada
3;Riyal Metical;Pará;2021-05-10;../fake-data/blob/hipster.png;image/png;invoice
4;secondary transmit;Cambridgeshire generate;2021-05-11;../fake-data/blob/hipster.png;image/png;alarm synergies Plástico
5;convergence deposit Mouse;Engineer auxiliary;2021-05-10;../fake-data/blob/hipster.png;image/png;capability protocol bus
6;client-server;Algodão SMS Dinar;2021-05-10;../fake-data/blob/hipster.png;image/png;Luvas Producer input
7;Somoni Camiseta;Quality;2021-05-10;../fake-data/blob/hipster.png;image/png;Brinquedos niches
8;Tunísia maximize Upgradable;hierarchy;2021-05-10;../fake-data/blob/hipster.png;image/png;Functionality copying programming
9;Inteligente Multi-layered Guernesey;Queijo projection enhance;2021-05-10;../fake-data/blob/hipster.png;image/png;Pizza bifurcated transparent
10;Representative Licenciado Auto;payment National;2021-05-10;../fake-data/blob/hipster.png;image/png;applications scalable
